,date,link,username,tweet,like,retweet,reply,qrt
0,2021-12-30 17:35:44+00:00,https://twitter.com/Tatsumi9901/status/1476607951339020288,Tatsumi9901,"Udah latihan ngomong sendiri berkali-kali buat ngasih tau kalo UKT semester depan dari uang saku MSIB ke ortu, begitu liat reaksinya ..
Okeh yuk bisa semester depannya mandiri lagi.
:"")",1,0,0,0
1,2021-12-30 14:33:39+00:00,https://twitter.com/septidr_06/status/1476562129662603271,septidr_06,"Alhamdulilllah..
Setelah 3 bulan uang saku gak cair, akhirnya tahun baru ini langsng dirapel semuanya.
Banyak drama bgt elah, wfo nih boss beda pulau. Untung orang sini baik bgt, ngasih makan dan jg perhatiannya.

#msib #kampusmerdeka #uangsaku",3,1,2,0
2,2021-12-30 08:35:30+00:00,https://twitter.com/hu_beritapagi/status/1476471996020051968,hu_beritapagi,Bina Darma Jemput Mahasiswa Magang¬†MSIB https://t.co/aq5XQRkQyy,0,0,0,0
3,2021-12-30 07:14:54+00:00,https://twitter.com/hmja_pnj/status/1476451713397575681,hmja_pnj,"lengkap dalat menyaksikan sosialisasi MSIB yang akan diselenggarakan pada: 

üìÜ Kamis, 30 Desember 2021 
‚è∞ 09.00-11.00 WIB 
üìç LIVE on Youtube : https://t.co/G5Xfcpsq7W

Narasumber : 

üó£ Nurhadi Irbath ( Ketua Sub Pokja MSIB Kampus Merdeka) 
üó£ Wikan Sakarinto ( Direktur",1,0,1,0
4,2021-12-30 07:14:03+00:00,https://twitter.com/hmja_pnj/status/1476451499400069121,hmja_pnj,"[ Sosialisasi Magang dan Studi Independen Bersertifikat Kampus Merdeka ]

Halo, PNJ-nesia!

Magang dan Studi Independen Bersertifikat (MSIB) merupakan program yang diadakan DIKTI untuk mahasiswa semester 5 (D3) dan semester 7 (D4).  

Untuk mengetahui informasi MSIB lebih https://t.co/ddRwXaBEXG",0,0,1,0
5,2021-12-30 05:50:09+00:00,https://twitter.com/collegemenfess/status/1476430385496002560,collegemenfess,"[cm] guyss mau tanyaa, yg kegiatan magang atau stud1 1ndependen-nya belom selesai (selesai januari), apa boleh ikut daftar MSIB batch 2? tia yg udah mau jawab yaa",0,0,0,0
6,2021-12-30 05:37:09+00:00,https://twitter.com/peachscent__31/status/1476427113473347586,peachscent__31,"menunggu keajaiban lolos msib lagi

atau bisa jadi malah keberuntungan gw dah abis di batch 1 Hhhhhh",0,0,0,0
7,2021-12-30 05:30:07+00:00,https://twitter.com/collegemfs/status/1476425343535751169,collegemfs,"[cm] guyss mau tanyaa, yg kegiatan stud1 1ndependen nya belom selesai (selesai januari), apa boleh ikut daftar MSIB batch 2? tia yg udah mau jawab yaa",0,0,0,0
8,2021-12-30 03:45:45+00:00,https://twitter.com/yovrjupiter/status/1476399078246260736,yovrjupiter,"@Ahmeddfp @collegemenfess Aku peserta MSIB 1 dan ini diobrolon gi grup telegram para peserta, dari hasil pemeparan kemendikbud",0,0,2,0
9,2021-12-30 02:55:44+00:00,https://twitter.com/yovrjupiter/status/1476386494566703104,yovrjupiter,"@Ahmeddfp @collegemenfess Batch 1 ada, cuman batch 2 katanya akan disamakan kaya Bangkit, gak ada uang saku. Nilai uang saku juga akan turun untuk MSIB.",0,0,2,0
10,2021-12-29 23:24:34+00:00,https://twitter.com/umam_haqiqi/status/1476333352089100289,umam_haqiqi,"Alhamdulillah 
Graduation Day MSIB 2021 https://t.co/rKfzfeNqgI",1,1,0,0
11,2021-12-29 21:01:21+00:00,https://twitter.com/piullows/status/1476297309172350979,piullows,sisa gue sama adek doang yanh msib kicik ya soalnya emng mama anaj trkahir si üòî,0,0,0,0
12,2021-12-29 17:13:45+00:00,https://twitter.com/flowerypjw/status/1476240032650301441,flowerypjw,@prpleyoeu Msib nunggy tygasüòû,0,0,0,0
13,2021-12-29 16:40:28+00:00,https://twitter.com/deladella_/status/1476231655396298758,deladella_,@narkobg @collegemenfess Min 5 buat MSIB,0,0,1,0
14,2021-12-29 12:52:21+00:00,https://twitter.com/collegemenfess/status/1476174247286296577,collegemenfess,"[CM] Permisi mau tanya untuk yang ikut studi independen atau MSIB di batch kedua ini, emang cuman boleh daftar satu perusahaan aja ya? Soalnya wewenang dari kampusku hanya boleh daftar di satu perusahaan doang. Jadi aku mau tau kalo di kampus lain apakah sama?",2,0,1,0
15,2021-12-29 11:34:06+00:00,https://twitter.com/mptyprsn/status/1476154556350296068,mptyprsn,"First of all, kenalin namaku Anjani Nur Prameswari dan sekarang lagi menempuh semester 5 dijurusan Ilmu Komunikasi FISIP UB. Bersyukur banget tahun ini bisa magang dengan bantuan Program MSIB Kampus Merdeka, jadi bisa rasain pengalaman dunia kerja profesional. https://t.co/NTFYFL9b6q",2,0,2,0
16,2021-12-29 11:23:17+00:00,https://twitter.com/mptyprsn/status/1476151834246975492,mptyprsn,"-A Thread-
My Journey in Kampung Kajoetangan
(Program MSIB Kampus Merdeka)
Halo gaiss, singkat cerita aku diterima sebagai mahasiswa intern disalah satu Integrated Marketing Communication Agency, yaitu Nava+ Group. So, here's my journey selama magang!! https://t.co/CFKBsFoBzW",24,2,1,0
17,2021-12-29 09:41:40+00:00,https://twitter.com/tidaklibur/status/1476126259662897155,tidaklibur,@Rifxyal @AnnRinnesia @collegemenfess Msib itu apa kak?,0,0,0,0
18,2021-12-29 09:36:14+00:00,https://twitter.com/dicoding/status/1476124893116715012,dicoding,"Tunggu apalagi? Manfaatkan kesempatan ini dan daftarkan dirimu di https://t.co/M0h6wmPB3M sekarang juga ya!üëãüèª

**Pendaftaran diperpanjang hingga 14 Januari 2022.

#MSIB #KampusMerdeka #MerdekaBelajar #InsanDikti #MerdekakanPeluang",3,0,0,0
19,2021-12-29 03:57:16+00:00,https://twitter.com/CEO_ofhalu/status/1476039591425556489,CEO_ofhalu,lolos MSIB + kuliah lancar + lulus tepat waktu,0,0,0,0
20,2021-12-29 01:58:06+00:00,https://twitter.com/upttik_undiksha/status/1476009600973520904,upttik_undiksha,"Sambut MBKM, Undiksha Dorong Mahasiswa Ikuti¬†MSIB https://t.co/0HznVILMPy",0,0,0,0
21,2021-12-29 01:29:27+00:00,https://twitter.com/ditjendikti/status/1476002391216459776,ditjendikti,"@mipanzuzuz2 Halo #InsanDikti, surat rekomendasi MSIB telah kami kirim ke email tersebut. Silakan dicek. Terima kasih.",0,0,1,0
22,2021-12-29 00:54:52+00:00,https://twitter.com/pjshoonist/status/1475993688408879104,pjshoonist,"@collegemenfess Aku juga masih bingung, bukannya udh ketentuan ya klo ikut program msib bisa dikonversi ke 20 sks, tapi kok masih ada kampus yg gabisa konversi gitu alasannya kenapa? Klo saran dari dosenku sih klo mau daftar msib pilih yang relate sama jurusan biar konversi sks-nya bisa maksimal",2,0,0,0
23,2021-12-28 17:20:21+00:00,https://twitter.com/VisitStarbase/status/1475879305246875650,VisitStarbase,Updated MSIB for possible static fire today!  Testing window from 10 a.m. - 8 p.m. Road and beach scheduled. #BocaChica #Starship #WenStaticFire #Mission2Mars üöÄüî• https://t.co/apYhs2c89t,0,0,0,0
24,2021-12-28 17:19:58+00:00,https://twitter.com/VisitBocaChica/status/1475879208111026182,VisitBocaChica,Updated MSIB for possible static fire today!  Testing window from 10 a.m. - 8 p.m. Road and beach scheduled. #BocaChica #Starship #WenStaticFire #Mission2Mars üöÄüî• https://t.co/0HtLTNN9j5,6,1,0,0
25,2021-12-28 16:49:08+00:00,https://twitter.com/Rizqiasalsabil3/status/1475871447687909376,Rizqiasalsabil3,@JapanMerchFess Msib ya,0,0,0,0
26,2021-12-28 14:59:17+00:00,https://twitter.com/MaulidKimwaga/status/1475843805966340102,MaulidKimwaga,@mpambazi Na elimu yangu yote mwenyewe bado ni msibüò¢üò¢,0,0,0,0
27,2021-12-28 14:52:31+00:00,https://twitter.com/winjaeunoia/status/1475842101522825219,winjaeunoia,dah buru buru ngurus dan daftar msib ternyata diperpanjang ü§°,0,0,0,0
28,2021-12-28 14:49:14+00:00,https://twitter.com/ramalapasih/status/1475841274133417986,ramalapasih,"@Kim_Bangjeon @collegemenfess Kalo MSIB 1 sih gitu yaa soalnya awalnya utk masukin surat rekomen itu belum ada. Baru ada setelah peserta diterima, entah baru dibuat/emang gt sistemnya. Kalo kamu masih ragu, bisa gunain fitur chat di jam kerja besok
Dan itu kan gaada tulisan wajib jadi menurutku dikosongin aja",0,0,0,0
29,2021-12-28 14:27:40+00:00,https://twitter.com/Kim_Bangjeon/status/1475835847593189379,Kim_Bangjeon,"@ramalapasih @collegemenfess nah iyakan harusnya gini, tapi katanya itu surat dikasih kalo udah ketrima dan lolos magangnya gitu :""), jadi aiu daftar msib tanpa surat rekomendasi",0,0,1,0
30,2021-12-28 14:24:13+00:00,https://twitter.com/ramalapasih/status/1475834977681960960,ramalapasih,"@Kim_Bangjeon @collegemenfess setau aku itu sesuaiin aja sama kebijakan kampus masing-masing.
kalo aku dulu isinya lembar pertama kaya keterangan kalo mahasiswa akan mengikuti MSIB dg sungguh2 dsb. terus lembar selanjutnya ada daftar mahasiswa yang ikut MSIB dalam satu univ kita. ada ttd rektornya juga",0,0,1,0
31,2021-12-28 13:57:46+00:00,https://twitter.com/ramalapasih/status/1475828323561340928,ramalapasih,@noimeaa @collegemenfess wajib. Kalo di kampus aku sih kaya ada dosen yang ngurus tentang MSIB (PIC disebutnya). nah pasti bakal diurus sih sebenernya. Tapi dibuatnya juga nunggu cukup lama deh. Kalo ngga kamu tanya ke TU fakultas aja dulu atau bidang kemahasiswaan univ,0,0,1,0
32,2021-12-28 13:52:40+00:00,https://twitter.com/collegemenfess/status/1475827039458394118,collegemenfess,[cm] ada yang tau ngga format surat rekomendasi universitas msib/magang kampus merdeka itu kaya apa?,1,0,1,0
33,2021-12-28 12:42:53+00:00,https://twitter.com/AnnRinnesia/status/1475809479614550017,AnnRinnesia,"@AleHaidar @peachonthecake @MaysrhSt @flowgurly @Rifxyal @collegemenfess Bantu jawab, MSIB itu program Magang dan Studi Independen Bersertifikat",1,0,1,0
34,2021-12-28 12:06:14+00:00,https://twitter.com/purpllwe/status/1475800255689936900,purpllwe,"@Rifxyal @AnnRinnesia @collegemenfess mjb, msib apa ya kak",0,0,3,0
35,2021-12-28 11:48:37+00:00,https://twitter.com/MasMenteri/status/1475795822067388419,MasMenteri,"UANG KAMPUS MERDEKA KAPAN CAIRNYA‚ÅâÔ∏è 

Ramai soal uang saku program Magang dan Studi Independen Bersertifikat (MSIB) yang disebut masih ada yang belum cair.

Pertama-tama, mimin jelasin dulu nih apa itu program Kampus Merdeka supaya gak pada bingung? https://t.co/iFWtaJUsnE",10,4,2,0
36,2021-12-28 11:29:10+00:00,https://twitter.com/cloudyhpy/status/1475790927495000072,cloudyhpy,@Rifxyal @AnnRinnesia @collegemenfess MSIB maksudnya apaa?,0,0,1,0
37,2021-12-28 11:07:14+00:00,https://twitter.com/Rifxyal/status/1475785407564419075,Rifxyal,@AnnRinnesia @collegemenfess Up. Malah menurut gw kalo udah smt 5 keatas mending MSIB wkwk,49,2,4,1
38,2021-12-28 10:56:30+00:00,https://twitter.com/hmja_pnj/status/1475782704117403651,hmja_pnj,"lengkap dalat menyaksikan sosialisasi MSIB yang akan diselenggarakan pada: 

üìÜ Kamis, 30 Desember 2021 
‚è∞ 09.00-11.00 WIB 
üìç LIVE on Youtube : Direktorat Jendral Pendidikan Vokasi 

Narasumber : 

üó£ Nurhadi Irbath ( Ketua Sub Pokja MSIB Kampus Merdeka)",0,0,1,0
39,2021-12-28 10:55:44+00:00,https://twitter.com/hmja_pnj/status/1475782513205280768,hmja_pnj,"[ Sosialisasi Magang dan Studi Independen Bersertifikat Kampus Merdeka ]

Halo, PNJ-nesia!

Magang dan Studi Independen Bersertifikat (MSIB) merupakan program yang diadakan DIKTI untuk mahasiswa semester 5 (D3) dan semester 7 (D4).  

Untuk mengetahui informasi MSIB lebih https://t.co/wq30TUkYur",1,0,1,0
40,2021-12-28 09:30:05+00:00,https://twitter.com/JapanMerchFess/status/1475760957213196288,JapanMerchFess,!lapakjpwts opslot nendo dazai airport msib 627k exc ems tax ya . kalau minat bisa dm ke @/kelvinkelv20,0,0,0,0
41,2021-12-28 09:13:03+00:00,https://twitter.com/zenosyyne/status/1475756671615987712,zenosyyne,"dospem msib kampusku kocak bener, ngomongin prodi yg ga mau konversi itu hidup di zaman kolonialü§£ü§£ü§£ü§£",0,0,0,0
42,2021-12-28 05:30:54+00:00,https://twitter.com/montosund/status/1475700765591097346,montosund,Liat lowongan MSIB kek ngiler gitu pengen daftar cuma mikirin uang saku nya sama tanggal yudisium ntar jadi mikir no bangettt wkwk,0,0,0,0
43,2021-12-28 04:05:04+00:00,https://twitter.com/UNYmfs/status/1475679167215587330,UNYmfs,/UNY tanya dong kalian yg ikut MSIB atau SIB laporan akhir kalian yg dr pihak kampus di ttd sapa? TIA,1,0,0,0
44,2021-12-28 03:42:16+00:00,https://twitter.com/VisitStarbase/status/1475673427302395906,VisitStarbase,"Coast Guard Marine Safety Information Bulletin (MSIB) updated for possible static fire testing on Dec 28, 2021.  #BocaChica #Starship #WenStaticFire #Mission2Mars üöÄ https://t.co/G5vWokdAkp",0,0,0,0
45,2021-12-28 03:41:55+00:00,https://twitter.com/VisitBocaChica/status/1475673338500599812,VisitBocaChica,"Coast Guard Marine Safety Information Bulletin (MSIB) updated for possible static fire testing on Dec 28, 2021.  #BocaChica #Starship #WenStaticFire #Mission2Mars üöÄ https://t.co/r8w19f1sDm",7,1,0,0
46,2021-12-28 02:24:10+00:00,https://twitter.com/ditjendikti/status/1475653772613283840,ditjendikti,@clumsymadnaejin Mohon maaf kak setelah kami cek kembali surat rekomendasi yang kami kirimkan hanya untuk Program MSIB untuk Program BANGKIT silakan hubungi registration@bangkit.academy,1,0,1,0
47,2021-12-27 16:39:29+00:00,https://twitter.com/Looncifer/status/1475506633388216320,Looncifer,Someone liked this tweet and reminded me I have this bad boi MSIB üò≥,1,0,0,0
48,2021-12-27 16:00:14+00:00,https://twitter.com/YUPIEN_FESS/status/1475496753507958786,YUPIEN_FESS,-upnsby ada yang lagi daftar MSIB ngga ? mau tanya dong,0,0,0,0
49,2021-12-27 12:30:34+00:00,https://twitter.com/M3juahjuah/status/1475443989595656194,M3juahjuah,"Kemendikbudristek memastikan pencairan dana program Magang Studi Independen Bersertifikat (MSIB)¬†Kampus Merdeka¬†bakal dilanjutkan hingga 2022. 

Bagi yang belum Dapat Uang Saku Kampus Merdeka, Simak lengkap penjelasannya dibawah ini.

@Kemdikbud_RI @ditjendikti https://t.co/KueQURJ97X",3,3,1,0
50,2021-12-27 01:43:42+00:00,https://twitter.com/ditjendikti/status/1475281200503672832,ditjendikti,"@pursantuyjos Halo #InsanDikti , apakah yang dimaksud surat rekomendasi untuk pendaftaran program MSIB MBKM ?",0,0,0,0
51,2021-12-26 17:51:23+00:00,https://twitter.com/toriiikkkk/status/1475162337153732609,toriiikkkk,Bau2 gada harapan buat ikut msib,0,0,0,0
52,2021-12-26 14:57:19+00:00,https://twitter.com/bukanbapacklu/status/1475118535445659651,bukanbapacklu,"@ditjendikti Bilang dikti sigap, apanya yg sigap? Uang saku peserta dan mentor MSIB aja ga ada kabar jelasan kok.... Sigap kalo ada atasan doang.. Gabecus",0,0,0,0
53,2021-12-26 14:40:01+00:00,https://twitter.com/JapanMerchFess/status/1475114180906606595,JapanMerchFess,!lapakjpwts opslot nendo dazai airport msib 627k exc ems tax ya . kalau minat bisa dm ke @/kelvinkelv20,0,0,0,0
54,2021-12-26 10:14:42+00:00,https://twitter.com/fantprecario/status/1475047410162634753,fantprecario,"@cons_mascherato @martafana @GCarloLattanzi In effetti,il mio riscontro era sbrigativo;1/non comprendo il ‚Äúvetero‚Äù;2/le lotte del 1960a/evitarono un governo a trazione MSIb/schiusero al I csx (questo si, spinta progressiva e non mi risulta frequentato da pericolosi bolscevichi);3/quindi,avanti certo, ma come?4/cari auguri",1,0,1,0
55,2021-12-26 08:59:32+00:00,https://twitter.com/ArtemisNaufal/status/1475028496422354944,ArtemisNaufal,"Bingung bener ngurusin daftar MSIB, mana cuma ada waktu seminggu, dokumennya mayan banyak pula bangsaaadddhh",1,0,0,0
56,2021-12-26 05:48:14+00:00,https://twitter.com/edson_seyagala/status/1474980353857236993,edson_seyagala,@Hakingowi Pole familia kwa msib,0,0,0,0
57,2021-12-25 16:35:09+00:00,https://twitter.com/collegemenfess/status/1474780767838302209,collegemenfess,"[cm] yang ikut msib mbkm kan perlu surat rekomendasi, nah itu mintanya gimana ya? Ada format template suratnya ga? Makasihhh",0,0,1,0
58,2021-12-25 08:00:46+00:00,https://twitter.com/collegemenfess/status/1474651318916550662,collegemenfess,gaes pendaftaran MSIB terakhir tanggal berapa? makasii [cm],0,0,2,0
59,2021-12-25 07:18:46+00:00,https://twitter.com/collegemenfess/status/1474640748301615107,collegemenfess,"[Cm] halo bestie udah daftar MSIB Kampus Merdeka diberapa tempat nih ?
sender : 8 magang, 2 studi independent",2,0,0,1
60,2021-12-25 04:39:09+00:00,https://twitter.com/muridseneca/status/1474600580173615106,muridseneca,"@cerentio @Dsra_RR @ZR_45 @lovenilaa @Khoirul_anam_06 @MagangStudi ini nih yg bikin banyak anak MSIB ga suka sama lu, liat aja tuh di grup. ya kali kami diam dan pasrah aja kayak lu, lu mungkin punya uang cukup jadi ga butuh nih uang saku, sedangkan temen2 lain kesusahan loh buat makan, udah cocok kok lu dapat komisaris dari penguasa üôè",0,0,0,0
61,2021-12-25 03:57:13+00:00,https://twitter.com/dead_wish_kid/status/1474590026742714368,dead_wish_kid,"selamat natal untuk kakak admin @LPDP_RI  ü•≥ dari saya peserta MSIB yang uang sakunya belum dibayarkan padahal udah on-job 4bulan. baru dibayar 2 bulan hehehe. padahal saya ga bandel, administrasi ga pernah salah/telat, tapi kena juga:(",2,0,0,0
62,2021-12-25 03:45:52+00:00,https://twitter.com/bemfipunj/status/1474587172023898112,bemfipunj,"Pantau terus grup Telegram MSIB UNJ dan instagram pusat karier UNJ @unjcareercenter untuk mendapatkan informasi terbaru mengenai Program MSIB.

‚ûñ‚ûñ‚ûñ‚ûñ‚ûñ",0,0,1,0
63,2021-12-25 03:45:52+00:00,https://twitter.com/bemfipunj/status/1474587169448554499,bemfipunj,"Pusat karier UNJ akan mengadakan kegiatan Sosialisasi dan Sharing Session oleh Alumni MSIB Batch I Pada Tanggal 27,28 dan 30 Desember 2021. Kegiatan ini terbuka untuk seluruh mahasiswa UNJ. https://t.co/b6LMrW7JEg",0,0,1,0
64,2021-12-25 03:45:47+00:00,https://twitter.com/bemfipunj/status/1474587147961180161,bemfipunj,"[SOSIALISASI &amp; SHARING SESSION MSIB BATCH II]

Sosialisasi dan Sharing Session Program Magang dan Studi Independen Bersertifikat (MSIB) Batch II https://t.co/umxlXDWCVt",0,0,2,0
65,2021-12-25 00:59:59+00:00,https://twitter.com/MISS_pekok/status/1474545424878891009,MISS_pekok,@two_shanza Blom om... msib tiduran üòÑ,1,0,1,0
66,2021-12-24 15:44:21+00:00,https://twitter.com/chichichikkkk/status/1474405595784441857,chichichikkkk,"ini kalo msib gakudu mahasiwa aktif ude daftar lagi si, keren keren weh 

walau duitnya beku terus karna kedinginan",0,0,0,0
67,2021-12-24 12:40:49+00:00,https://twitter.com/muridseneca/status/1474359404854059016,muridseneca,"@Dsra_RR @cerentio @ZR_45 @lovenilaa @Khoirul_anam_06 @MagangStudi dia ga akan berani kak speak up ke MSIB, toh dia pernah diundang jadi pembicara pasti lah ga akan berani bilang program ini gagal wkwk",0,0,1,0
68,2021-12-24 10:22:42+00:00,https://twitter.com/sukahoodie/status/1474324649940946944,sukahoodie,@collegemenfess Saran kalau mau ikut msib research dulu deh biar gk berekspektasi tinggi sama program nya,0,0,0,0
69,2021-12-24 09:11:26+00:00,https://twitter.com/dicoding/status/1474306714497269768,dicoding,"Segera daftar di https://t.co/wCXDena3WJ yuk!

GRATIS!

Sampai jumpa!üëãüèª

#MSIB #KampusMerdeka #MerdekaBelajar #InsanDikti #MerdekakanPeluang",2,0,0,0
70,2021-12-24 07:11:23+00:00,https://twitter.com/TheEighthetic/status/1474276502795538433,TheEighthetic,"@shauserland masih otw nii cek berkas dll, ayo daftar juga MSIB po",0,0,1,0
71,2021-12-24 06:51:58+00:00,https://twitter.com/muhanjeoka_/status/1474271615315693571,muhanjeoka_,Walaupun kesel sm msib but love u krn msib aing bs ganti hp wkwkwk,0,0,0,0
72,2021-12-24 01:23:01+00:00,https://twitter.com/ditjendikti/status/1474188833973440523,ditjendikti,"@j0han_sanjaya Halo #InsanDikti, untuk program MSIB surat rekomendasi dari Perguruan Tinggi dilampirkan saat pendaftaran. Namun, jika belum mendapatkan boleh dilampirkan saat awal penerimaan.",0,0,1,0
73,2021-12-24 00:41:49+00:00,https://twitter.com/katharicord_/status/1474178462919262209,katharicord_,"@dariselasa itu program MSIB kampus merdeka sih kak, angkatan 19 sama 20 yang mau boleh ngisi form dulu gituüò≠ nah aku pengen..üò≠",0,0,1,0
74,2021-12-23 23:43:53+00:00,https://twitter.com/merahmenyapa/status/1474163883346522174,merahmenyapa,"@collegemenfess Bukannya baru ya, ud selesai po? Aku msib aj msihh loo",0,0,0,0
75,2021-12-23 19:08:31+00:00,https://twitter.com/CapKripik/status/1474094586884591623,CapKripik,Pengen retaliate dan stop doing my deadlines tapi takut nilai msib w jelek dan ngaruh ke nilai matkul lol,0,0,0,0
76,2021-12-23 15:17:14+00:00,https://twitter.com/RiaIM__/status/1474036381483606021,RiaIM__,"DONE!!!!!! ALHAMDULILLAH üòå
#kampusmerdeka #MSIB #magang https://t.co/d4EXwnOAm5",0,0,0,0
77,2021-12-23 14:22:39+00:00,https://twitter.com/kentangglowwing/status/1474022644924108800,kentangglowwing,"@collegemenfess Magangnya seru hehehehe. Alhamdulillah aku lucky dapat mitra yang oke banget. Walopun panitia MSIB ngeselin :)))),",3,0,2,0
78,2021-12-23 13:03:21+00:00,https://twitter.com/ulfifajm/status/1474002688413110280,ulfifajm,"Lagi obrolin mengenai MSIB, tbtb pak dosen:

üë® ulfi ini DP WA nya yg pemain badminton kan?
üëß iya, pak. Benar
üë® sama dong berarti kek saya penyuka badminton
üëß hehehe",0,0,0,0
79,2021-12-23 11:19:17+00:00,https://twitter.com/septidr_06/status/1473976499455750146,septidr_06,"Ketika kamu magang tapi belum dibayar lebih dari 3 bulan. Rasanya mau pulanggg. Mau kerja sampingan pun mana bisa? Kalo berada di tengah-tengah hutan begini üò≠

#kampusmerdeka #msib #uangsaku",0,0,0,0
80,2021-12-22 15:57:33+00:00,https://twitter.com/TVandMovieChar1/status/1473684142600732681,TVandMovieChar1,1/6 Rare Hot Toys MMS16 AVP Alien vs Predator Elder Predator Action Figure MSIB https://t.co/Oq5lxTAqDt eBay https://t.co/VG1YqmtkRB,0,0,0,0
81,2021-12-22 15:57:33+00:00,https://twitter.com/toys_figures/status/1473684141531176996,toys_figures,1/6 Rare Hot Toys MMS16 AVP Alien vs Predator Elder Predator Action Figure MSIB https://t.co/2xlIa61LVb eBay https://t.co/oecOQ1OOpf,0,0,0,0
82,2021-12-22 15:51:19+00:00,https://twitter.com/CapKripik/status/1473682572970450948,CapKripik,Kadang mikir apakah ikut program MSIB tuh worth it?,0,0,1,0
83,2021-12-22 12:29:36+00:00,https://twitter.com/heeseungiie/status/1473631809963319299,heeseungiie,"ak dri kmaren msib suka ngulang2 tt nya yeonjunüò≠ EH INI HEESEUNG IKUTANüò≠üò≠

https://t.co/UDUaUSJsY1",0,0,0,0
84,2021-12-22 04:05:27+00:00,https://twitter.com/sweetydarling_/status/1473504933643051010,sweetydarling_,"msib, toefl, spss,",0,0,2,0
85,2021-12-21 17:54:53+00:00,https://twitter.com/collegemenfess/status/1473351279107661826,collegemenfess,[cm] Aku beberapa lalu ngehubungin staf jurusan buat nanya pendaftaran program msib tapi gak direspon. Kalau aku follow up stafjurnya lagi hari ini gapapa kan ya?,1,0,1,0
86,2021-12-21 15:17:32+00:00,https://twitter.com/jaywonpcrn/status/1473311681476366338,jaywonpcrn,@abyounghoon w msib diblok njemüò≠üò≠üò≠,0,0,1,0
87,2021-12-21 10:09:03+00:00,https://twitter.com/skillupid/status/1473234048017309696,skillupid,"Jadi, MSIB itu adalah Magang Studi Independen Bersertifikat yang dibuat oleh Kemendikbud Ristekü§©
Kegiatan ini merupakan salah satu bagian dari Kampus Merdeka.",0,0,1,0
88,2021-12-21 10:09:01+00:00,https://twitter.com/skillupid/status/1473234040295542784,skillupid,"LAGI HYPE MAGANG MERDEKA SAMA STUDI INDEPENDEN TAPI MASIH BELUM TAU MSIB ITU APA?! üò±

Ngerasa relate? Thread ini cocok untuk kamu üòé

‚Äì A thread https://t.co/BJGBtxbtUH",60,13,5,1
89,2021-12-21 06:28:06+00:00,https://twitter.com/vepnti/status/1473178447480377348,vepnti,"WTS ; want to operslot 

Nendoroid Yuuji
MSIB 750k bersih ina

#wts #nendoroid #operslot https://t.co/ZJRna17pZv",2,1,0,0
90,2021-12-21 04:09:08+00:00,https://twitter.com/MasQodd/status/1473143475822469124,MasQodd,Ada yg udh ngerjain laporan MSIB?,0,0,1,0
91,2021-12-20 18:25:14+00:00,https://twitter.com/collegemenfess/status/1472996532467089408,collegemenfess,[cm] Gak pernah ikut organisasi ukm atau volunteer apapun bisa keterima program msib studi independen gaksi üëâüëà,7,0,2,0
92,2021-12-20 18:01:12+00:00,https://twitter.com/monyemt/status/1472990480929472512,monyemt,Yg msib knl gua cba rep,0,0,5,0
93,2021-12-20 13:40:10+00:00,https://twitter.com/collegemenfess/status/1472924790893674500,collegemenfess,[cm] Gak pernah ikut organisasi ukm atau volunteer apapun bisa keterima program msib studi independen gaksiü•≤,2,1,0,0
94,2021-12-20 09:50:49+00:00,https://twitter.com/dead_wish_kid/status/1472867073244106752,dead_wish_kid,"@FarhanCikur duta MSIB aja telat dibayarnya, apalagi aingüò£",0,0,0,0
95,2021-12-20 08:14:03+00:00,https://twitter.com/ditjendikti/status/1472842722478223360,ditjendikti,"@devilssi Halo #InsanDikti , dapat diinformasikan untuk program MBKM apa yang diikuti ? Informasi dari unit terkait, sampai saat ini belum ada mitra MSIB yang dapat dipilih dikarenakan masih dalam tahap seleksi mitra.",0,0,0,0
96,2021-12-20 06:18:41+00:00,https://twitter.com/liennns/status/1472813689573052422,liennns,"gak lagi lagi gue ke wc bawa hp, kesiram hp gue untung msib idupüò§üò§üò§",0,0,8,0
97,2021-12-20 02:26:19+00:00,https://twitter.com/collegemenfess/status/1472755211554885634,collegemenfess,[cm] saku MSIB kampus merdeka tu brp ya? Ada yg tau?,0,0,0,0
98,2021-12-20 00:33:54+00:00,https://twitter.com/CDCUIcareer/status/1472726922610163713,CDCUIcareer,"Enterprise Internship Program (QEIP) Batch 2 sebagai bentuk dukungan terhadap program MSIB Kampus Merdeka.
Program magang ini terbuka bagi mahasiswa semester 5 hingga tingkat akhir dan akan berlangsung selama 6 bulan.
Terdapat 14 posisi yang tersedia pada program QEIP. Untuk https://t.co/pvZtwXx87d",2,0,1,0
99,2021-12-19 13:44:43+00:00,https://twitter.com/collegemenfess/status/1472563549058703362,collegemenfess,"[cm] kalian yg lagi MSIB, nyusun laporannya aman kah? sender lagi stress karena templatenya, daftar isi nya bingung banget benerinnya gimana üò≠",1,0,3,0
100,2021-12-19 03:34:08+00:00,https://twitter.com/yehshucua/status/1472409890153189382,yehshucua,ASLI GUA MSIB KGT,0,0,0,0
101,2021-12-18 03:24:22+00:00,https://twitter.com/muridseneca/status/1472045045859569666,muridseneca,@abigailimuriaa kak ga mau bahas di wiui ttg mahasiswa MSIB @MagangStudi yang ga dibayar setelah kerja beberapa bulan?,0,0,0,0
102,2021-12-18 01:35:34+00:00,https://twitter.com/boatconsulting/status/1472017662289276930,boatconsulting,MSIB: Reporting sexual assaults on U.S. vessels https://t.co/nPlU9gFcZk,0,0,0,0
103,2021-12-17 19:33:33+00:00,https://twitter.com/antaranews/status/1471926557732065283,antaranews,Kemdikbudristek targetkan 50.000 mahasiswa masuk program MSIB 2022 https://t.co/6Qt4tfkikn,0,0,0,0
104,2021-12-17 06:56:51+00:00,https://twitter.com/mr_rramadhan/status/1471736128860422145,mr_rramadhan,format laporan msib acak-acakan bet askajsakssakskak,0,0,0,0
105,2021-12-17 00:34:27+00:00,https://twitter.com/collegemenfess/status/1471639894808166401,collegemenfess,[cm] ini sebenernya magang merdeka ataupun MSIB batch 2 ada gasi? kok sampai tanggal sekarang masih dikit banget yang open,0,0,2,0
106,2021-12-16 19:41:34+00:00,https://twitter.com/justfitttttt/status/1471566190778540039,justfitttttt,Kalo gaji msib ku turun mau dipake benerin gigi aja deh ya wkwkwk,0,0,0,0
107,2021-12-16 12:14:18+00:00,https://twitter.com/Dsra_RR/status/1471453631048138756,Dsra_RR,"@ditjendikti @humanoralien_ Yailah bapak bapak ini kebanyakan omong kosong,verifikasi data dari kmrn kmrn ga pernah kelar. Gapernah show off and take an action. Hanya omong kosong saja. Yang kaya gini mau ngadain msib batch ke 2? Mana uang mentor dr bulan pertama ga pernah cair WKWKWK HADUHHHH",2,2,0,1
108,2021-12-16 10:28:49+00:00,https://twitter.com/delfi_boyz/status/1471427084996481025,delfi_boyz,"@ditjendikti Yaelah uang saku MSIB aje nunggak berbulan bulan, alesan data mulu padahal diajuin aja belom üëå",0,0,0,0
109,2021-12-16 08:02:16+00:00,https://twitter.com/itnmlg_official/status/1471390203088568320,itnmlg_official,"Pendaftaran Program Magang dan Studi Independen Bersertifikat (MSIB) Batch 2.
7 - 31 Desember 2021

Link pendaftaran:
https://t.co/YKFQalDGbH 
Ling panduan:
https://t.co/MYvXA4yLog

#itnmalang https://t.co/Je4Qnczttg",0,0,0,0
110,2021-12-16 04:32:16+00:00,https://twitter.com/bemfebupnvy/status/1471337354988187650,bemfebupnvy,"[SURAT REKOMENDASI PROGRAM MSIB]

Haloo Sobat FEB!!

Diberitahukan bagi mahasiswa/i FEB yang membutuhkan Surat Rekomendasi untuk persyaratan administrasi Program Magang dan Studi Independen Bersertifikat Angkatan 2 Tahun 2022, format surat dapat diunduh pada (cont) https://t.co/KSYiC1VeQC",1,0,1,0
111,2021-12-16 03:11:31+00:00,https://twitter.com/TelUCareer/status/1471317036353482752,TelUCareer,"bentuk dukungan terhadap program MSIB Kampus Merdeka. Program magang ini terbuka bagi mahasiswa semester 5 hingga tingkat akhir dan akan berlangsung selama 6 bulan.

Terdapat 14 posisi yang tersedia pada program QEIP. Untuk informasi lebih lanjut terkait rincian dan https://t.co/lbqtUBTgpg",1,0,1,0
112,2021-12-15 10:24:38+00:00,https://twitter.com/Nadyaapr_/status/1471063643773026305,Nadyaapr_,Kenapa vokasi udah pencairan ke 4? Sedangkan S1 aja belom cair2 woy asw !! MSIB WHYYYY,0,0,0,0
113,2021-12-15 09:31:52+00:00,https://twitter.com/lifehauy/status/1471050366322024448,lifehauy,Msib bulan nov kapan cair hiks,0,0,0,0
114,2021-12-15 09:11:43+00:00,https://twitter.com/bukanbapacklu/status/1471045295358177280,bukanbapacklu,"@ditjendikti Mana uang saku kami para peserta MSIB woi, lama banget sih kerja nya heran, kalo ga becus besok besok mikir dulu dahh kalo mau buat program",0,0,0,0
115,2021-12-15 09:10:51+00:00,https://twitter.com/bukanbapacklu/status/1471045077027856387,bukanbapacklu,"@ditjendikti Dableg kerja nya lelet, uang saku MSIB kampus merdeka nih woi, harusnya udah nerima 4 bulan, tapi sampe saat ini cuma 1 bulan doang - ___- LELET",0,0,0,0
116,2021-12-15 08:51:08+00:00,https://twitter.com/tubuhkukuatttt/status/1471040114738429952,tubuhkukuatttt,@unnesmenfess Gue smt 8 aja ikut msib wkwkw,0,0,0,0
117,2021-12-15 08:28:22+00:00,https://twitter.com/ditjendikti/status/1471034386204135427,ditjendikti,"@humanoralien_ Halo #InsanDikti , untuk pencairan MSIB bulan kedua sudah dicairkan untuk 79% mahasiswa, sisanya dalam verifikasi logbook. Mohon agar menunggu proses pencairannya. Terima kasih",0,1,14,1
118,2021-12-15 06:28:44+00:00,https://twitter.com/napaciw/status/1471004277023789056,napaciw,"Dah mah duit msib kaga cair cair, ini ditambah kuota mendikbud dipotong. Hm bener bener",0,0,0,0
119,2021-12-14 12:24:04+00:00,https://twitter.com/hugeofsadness/status/1470731313321680896,hugeofsadness,@op_nakama_indo atau emng msib ada kelanjutannya,0,0,0,0
120,2021-12-14 08:31:40+00:00,https://twitter.com/bukanbapacklu/status/1470672829343404034,bukanbapacklu,"@ditjendikti Bayarin aja lah dulu uang saku MSIB kampus merdeka, lambat banget kerjanya sampe kaya gini aja ga kelar kelar",1,0,0,0
121,2021-12-14 08:26:54+00:00,https://twitter.com/collegemenfess/status/1470671629424287745,collegemenfess,"[cm] mau nanya. MSIB tu sebenernya program apa ya?üò≠ aku udh search di google kok tapi masih ga begitu paham, soalnya dosenku nyaranin aku ikut program MSIB, nah di google MSIB tu sebenernya 2 program: MAGANG dan STUDI INDEPENDENT.",0,0,0,0
122,2021-12-14 04:18:54+00:00,https://twitter.com/its_campus/status/1470609218587619330,its_campus,"#ITSUpdate

Halo, Arek-arek ITS!

Pendaftaran Program Magang dan Studi Independen Bersertifikat (MSIB) Kampus Merdeka Angkatan 2 telah dibuka!

Dibuka untuk mahasiswa aktif minimal semester 5. https://t.co/oMZ4phXBDa",0,0,1,0
123,2021-12-14 02:49:04+00:00,https://twitter.com/hwanggeumji/status/1470586608428609538,hwanggeumji,ini msib gaada mitra yang daftar apa gimana ya ko cuma 2 doang perasaan kmrn banyak banget https://t.co/b2WpjLQj7T,0,0,0,0
124,2021-12-14 02:20:00+00:00,https://twitter.com/JapanMerchFess/status/1470579294048960517,JapanMerchFess,"!lapakjpwts opslot nendo yuuji msib 750k bersih ina, nendo osamu no bonus di K udah DP 200k

@/vepnti
 https://t.co/hXO3dGyp7o",4,1,0,0
125,2021-12-14 02:17:45+00:00,https://twitter.com/ditjendikti/status/1470578728707133440,ditjendikti,"@Eevnxx19 Halo #InsanDikti , saat ini program MSIB masih dalam seleksi mitra sehingga belum ada mitra yang dapat dipilih.",0,0,0,0
126,2021-12-13 23:18:06+00:00,https://twitter.com/Bubbinski/status/1470533516249100288,Bubbinski,As per MSIB 89-21 (Marine Safety Information Bulletin),1,0,0,0
127,2021-12-13 22:19:58+00:00,https://twitter.com/VisitStarbase/status/1470518887842201600,VisitStarbase,"Coast Guard Marine Safety Information Bulletin (MSIB) update for possible static fire testing on Dec 14, 2021.  #BocaChica #Starship #WenStaticFire #JourneyToMars https://t.co/U4BencUkVr",1,0,0,0
128,2021-12-13 22:19:06+00:00,https://twitter.com/VisitBocaChica/status/1470518668748537857,VisitBocaChica,"Coast Guard Marine Safety Information Bulletin (MSIB) update for possible static fire testing on Dec 14, 2021.  #BocaChica #Starship #WenStaticFire #JourneyToMars https://t.co/upyLYcXxUk",12,5,0,1
129,2021-12-13 14:51:44+00:00,https://twitter.com/ZR_45/status/1470406088524648450,ZR_45,"Yeah, sayangnya msib belum turun, aku harus merelakan diskon Dragon Age : Inquisition :')",0,0,0,0
130,2021-12-13 11:01:04+00:00,https://twitter.com/flowerypjw/status/1470348035662094336,flowerypjw,@cutejngwo Msib besoküò°üò°,0,0,1,0
131,2021-12-13 08:59:43+00:00,https://twitter.com/ditjendikti/status/1470317498524258304,ditjendikti,"@Eevnxx19 Halo #InsanDikti, saat ini kami terus memperbaharui list mitra yang bekerjasama dengan Program MSIB, setiap harinya akan terus bertambah selama program berlangsung dan Anda bisa memilih mitra yang Anda diinginkan. Mohon terus melakukan pengecekan secara berkala.",0,0,1,0
132,2021-12-13 01:17:37+00:00,https://twitter.com/saIonpaskoyo/status/1470201206614093825,saIonpaskoyo,"@collegemenfess Aku smt 7 juga ikut magang msib hehe. Udah berusaha nyicil, dosen slowrespon, revisi mulu, kadang kalo lagi capek sama permagangan jadi mager ngerjain revisi. Cuma kalo liat story temen dah sempro ketrigger wkwk",0,0,0,0
133,2021-12-12 09:00:09+00:00,https://twitter.com/jehyunji/status/1469955220985708546,jehyunji,"mau submit tubes 80 lembar, kemudian ada laporan msib yg harus dikerjain üò© ya allah butuh liburan ,,,, kapan ini libur benerannya",0,0,0,0
134,2021-12-12 07:49:59+00:00,https://twitter.com/MshauriSerikali/status/1469937563561512961,MshauriSerikali,"@FatmaSulley Pole sana Mpendwa kwa msib ila kumbuka, kila mtu ana sababu na muda wake wa kuondokea. Alale salama inshaallah.",1,0,0,0
135,2021-12-11 14:23:58+00:00,https://twitter.com/gratidudess/status/1469674323573022720,gratidudess,@yejees__ msib,0,0,1,0
136,2021-12-11 13:27:59+00:00,https://twitter.com/andalasfess/status/1469660232687050753,andalasfess,"Ragu buat semester depan ikut msib, iisma atau kampus mengajar uaf! https://t.co/8l7gyNpvyn",2,0,2,0
137,2021-12-11 12:41:44+00:00,https://twitter.com/neptyunieus/status/1469648595645198338,neptyunieus,"@Thaitea0_0 msih knal, krna msib jmet",0,0,0,0
138,2021-12-11 09:08:36+00:00,https://twitter.com/BEMFISIPUNUD/status/1469594959913226240,BEMFISIPUNUD,"[INFO PENTING: Program Magang dan Studi Independen Bersertifikat (MSIB)]

Hallo Insan Maroon!! https://t.co/tCv8GlGIt6",1,0,1,0
139,2021-12-11 06:33:00+00:00,https://twitter.com/joshnuluv/status/1469555801589104646,joshnuluv,wah ternyata yg bermasalah sm uang saku mbkm bukan cmn yg pertukaran tp msib pun ckck br udh mau buka pendaftaran lg pdhl uang saku yg sblmnya aja ga cair2 hdh hdh,0,0,0,0
140,2021-12-11 02:22:19+00:00,https://twitter.com/dpkka_unair/status/1469492715163303937,dpkka_unair,Ikuti sosialisasi program MSIB dan daftarkan dirimu di https://t.co/8o7HtV6njx,0,1,0,0
141,2021-12-11 01:20:33+00:00,https://twitter.com/litakeju/status/1469477169546285059,litakeju,Drama banget masih pagi gabisa login msibüò≠,3,0,0,0
142,2021-12-10 09:15:00+00:00,https://twitter.com/JapanMerchFess/status/1469234181712400386,JapanMerchFess,"!lapakjp opslot nendo gojo msib 750k harga bersih ina

@/vepnti https://t.co/cwLCCuvI0O",5,0,0,0
143,2021-12-10 02:07:44+00:00,https://twitter.com/dicoding/status/1469126654324711426,dicoding,"Jika kamu adalah mahasiswa D3/D4/S1 aktif di semester 5 (atau lebih), mari mendaftar!

Klik https://t.co/M0h6wmPB3M (GRATIS) ‚úÖ

Dibuka s/d 31 Desember 2021.

#MSIB #KampusMerdeka #MerdekaBelajar #InsanDikti #MerdekakanPeluang",4,1,0,0
144,2021-12-09 07:29:38+00:00,https://twitter.com/theseayy/status/1468845278530707462,theseayy,"sekarang msib wajib konversi 20 sks. apalah daya gabisa berkutik sama kalimat 'nama nya juga kampus merdeka, bukan mahasiswa aja yang merdeka tapi pihak kampus juga harus merdeka'. 

masi berharap bgt konversi 20 sks bukan 13 sks wkwk",1,0,0,0
145,2021-12-08 12:01:31+00:00,https://twitter.com/chocoyuummyy/status/1468551310001651712,chocoyuummyy,@collegemenfess Skripsian + ikut MSIB mantep banget üò≠üò≠,1,0,0,0
146,2021-12-08 08:56:33+00:00,https://twitter.com/indecisivebub/status/1468504763570409472,indecisivebub,casually menyicil laporan magang MSIB bcs why not,0,0,0,1
147,2021-12-08 07:50:43+00:00,https://twitter.com/abrianabee/status/1468488196593913859,abrianabee,Ya pantes aja gajinya telat org perusahaan mitra msib baru pada ngasih LOA nya ;),2,0,0,0
148,2021-12-08 02:39:15+00:00,https://twitter.com/jisung_ganteng/status/1468409809753948161,jisung_ganteng,"@rosueanne @JapanMerchFess kita nya msib, sugawara nya bib",0,0,0,0
149,2021-12-07 12:18:36+00:00,https://twitter.com/hwanggeumji/status/1468193222916599808,hwanggeumji,"@kusukabangchan aih kampus mengajar aja udah angkatan 3 besok, msib juga samaa malah th kemaren aku ikutan studi independen",0,0,1,0
150,2021-12-07 11:44:36+00:00,https://twitter.com/hwanggeumji/status/1468184664061845505,hwanggeumji,@kusukabangchan aih tapi kalo msib tuh durasinya beda2 ada yang baru kelar februari malah,0,0,1,0
151,2021-12-07 05:32:52+00:00,https://twitter.com/vrnnam/status/1468091114326429701,vrnnam,"‚õîHELP RT, LIKE, SHARE‚õî
Halo, teman-teman. Perkenalkan, saya Rizka NA, peserta program Studi Independen Bersertifikat Kampus Merdeka (MSIB) 2021. Pada program ini, kami mengerjakan project work dalam bentuk start up. Start up kami bernama Wear It.",3,10,1,1
152,2021-12-07 04:05:02+00:00,https://twitter.com/JapanMerchFess/status/1468069013519360003,JapanMerchFess,"!lapakjp opslot nendo gojo 750k (bukan yang 0 ver) msib bersih ina 

@/vepnti",0,0,0,0
153,2021-12-06 19:13:47+00:00,https://twitter.com/keterhaIuan/status/1467935317218889731,keterhaIuan,@ah__puh Soalnya kmmi pake bni:( MSIB emang pake bri ya?,0,0,1,0
154,2021-12-06 14:19:31+00:00,https://twitter.com/Zebeday7/status/1467861262658936836,Zebeday7,@vester__ so powa ukitokea msib akwenu ndo utaeleweka n kwel,0,0,0,0
155,2021-12-06 11:03:45+00:00,https://twitter.com/mngbadutt/status/1467811997689389061,mngbadutt,"@yooteyo @MagangStudi Jangankan tunjukin karya buat protes, bahkan kita tunjukin usaha dan karya dalam bentuk laporan pertanggungjawabab ke pihak msib dan kampus aja terkadang ada beberapa yang gaboleh ditampilkan dan izin nya pun ga semudah itu",0,0,0,0
156,2021-12-06 10:41:44+00:00,https://twitter.com/collegemenfess/status/1467806458326642688,collegemenfess,[cm] MSIB kampus merdeka blm buka ya?,1,1,1,0
157,2021-12-06 07:10:03+00:00,https://twitter.com/JapanMerchFess/status/1467753186647633924,JapanMerchFess,"!lapakjp opslot nendo gojo 780k msib bersih ina 

@/vepnti",1,0,1,1
158,2021-12-06 05:24:27+00:00,https://twitter.com/deedeldelima/status/1467726609985667075,deedeldelima,"@thedaisysdays Gausah ngadi ngadi deh mba. Peserta MSIB uang sakunya langsung transfer dari LPDP ke peserta. Dari awal kaya gitu. Gaada tuh kampus ngurusin uang saku. Udah ngaco, salah, kenceng pula",0,0,0,0
159,2021-12-06 05:22:16+00:00,https://twitter.com/deedeldelima/status/1467726060552818690,deedeldelima,"@thedaisysdays Gini ya, program MSIB uang saku ga melalui kampus mba. Kamu joinan program MSIB cabang mana mba kok bisa bisanya bikin statemen uang saku udah disalurin ke kampus??? Asli, kocak",0,0,1,0
160,2021-12-06 05:03:51+00:00,https://twitter.com/deedeldelima/status/1467721425012203521,deedeldelima,"@yooteyo @MagangStudi Peserta: *protes ke panitia MSIB pake karya*
Panitia: ""Nih liat, hasil program kami, menghasilkan karya karya anak bangsa""
Peserta: üëÅÔ∏èüëÑüëÅÔ∏è",3,0,1,0
161,2021-12-06 04:08:23+00:00,https://twitter.com/7272mhz/status/1467707466167193606,7272mhz,semangat fellow msib angkatan pertama!!!!!!,0,0,0,0
162,2021-12-04 12:09:47+00:00,https://twitter.com/oki_firdausy/status/1467103839228555268,oki_firdausy,"Retake, tugas PM, laporan MSIB, tugas kampus rasanya ini kepala mo meledak üòµ",0,0,0,0
163,2021-12-04 08:05:51+00:00,https://twitter.com/claresaja/status/1467042452259295232,claresaja,"@mlbbfess cherry, yg summer jelek bgt efeknya, kurang srek, msib bgus cherry, trust me",0,0,0,0
164,2021-12-04 06:19:53+00:00,https://twitter.com/wonuusbae/status/1467015783184273411,wonuusbae,"@MagangStudi ada yang belum dapet samsek min, padahal MSIB batch 1",0,0,0,0
165,2021-12-03 15:54:30+00:00,https://twitter.com/86msib/status/1466798002580996101,86msib,#wolfkat #weekendvibes #familytime #instagood #instadaily #hunksofinstagram #muscleman #natty #stoic #hustle #griefjourney #dhk #msib #86msib #msib86 #candidphotography #likesforlike #likeforfollow https://t.co/BmEEWsrTte,1,0,0,0
166,2021-12-03 15:48:52+00:00,https://twitter.com/86msib/status/1466796585082368011,86msib,#wolfkat #weekendvibes #familytime #instagood #instadaily #hunksofinstagram #muscleman #natty #stoic #hustle #griefjourney #dhk #msib #86msib #msib86 #candidphotography #likesforlike #likeforfollow @ Gulshan-1 https://t.co/ZQYlhHJPKS,2,0,0,0
167,2021-12-03 15:47:35+00:00,https://twitter.com/86msib/status/1466796264629145603,86msib,#wolfkat #weekendvibes #familytime #instagood #instadaily #hunksofinstagram #muscleman #natty #stoic #hustle #griefjourney #dhk #msib #86msib #msib86 #candidphotography #likesforlike #likeforfollow @ Gulshan-1 https://t.co/vWw3MKJRFK,2,0,0,0
168,2021-12-03 15:31:37+00:00,https://twitter.com/86msib/status/1466792245907140619,86msib,#bosphorus # #wolfkat #weekendvibes #familytime #instagood #instadaily #hunksofinstagram #muscleman #natty #stoic #hustle #griefjourney #dhk #msib #86msib #msib86 #candidphotography #likesforlike #likeforfollow #johnwick https://t.co/43uKbRPSwj,2,0,0,0
169,2021-12-03 15:27:06+00:00,https://twitter.com/86msib/status/1466791109544325120,86msib,#bosphorus # #wolfkat #weekendvibes #familytime #instagood #instadaily #hunksofinstagram #muscleman #natty #stoic #hustle #griefjourney #dhk #msib #86msib #msib86 #candidphotography #likesforlike #likeforfollow #johnwick https://t.co/jCxTVVdxAc,2,0,0,0
170,2021-12-03 13:57:51+00:00,https://twitter.com/86msib/status/1466768645573468171,86msib,#hoteltropicaldaisy #wolfkat #weekendvibes #familytime #instagood #instadaily #hunksofinstagram #muscleman #natty #stoic #hustle #griefjourney #dhk #msib #86msib #msib86 #candidphotography #likesforlike #likeforfollow https://t.co/AbGyZPfUCf,1,0,0,0
171,2021-12-03 13:56:42+00:00,https://twitter.com/86msib/status/1466768359643664388,86msib,#hoteltropicaldaisy #wolfkat #weekendvibes #familytime #instagood #instadaily #hunksofinstagram #muscleman #natty #stoic #hustle #griefjourney #dhk #msib #86msib #msib86 #candidphotography #likesforlike #likeforfollow https://t.co/4LK04J4jCj,1,0,0,0
172,2021-12-03 13:52:43+00:00,https://twitter.com/86msib/status/1466767354256400384,86msib,#wolfkat #weekendvibes #familytime #instagood #instadaily #hunksofinstagram #muscleman #natty #stoic #hustle #griefjourney #dhk #msib #86msib #msib86 #candidphotography #likesforlike #likeforfollow @ Gulshan-1 https://t.co/rS9u1PpNJD,1,0,0,0
173,2021-12-03 10:02:01+00:00,https://twitter.com/karawang_online/status/1466709298222755840,karawang_online,"Kementerian Pendidikan, Kebudayaan, Riset, dan Teknologi (Kemendikbudristek) menegaskan akan memberikan sanksi kepada kampus yang melarang mahasiswanya mengikuti program Magang dan Studi Independen Bersertifikat (MSIB).
https://t.co/GZqhYrDvdQ",1,0,0,0
174,2021-12-02 16:18:01+00:00,https://twitter.com/DrMaryRogan/status/1466441533511634952,DrMaryRogan,@AodhBC Your MSIB is cruising for a bruising.,1,0,0,0
175,2021-12-02 13:21:59+00:00,https://twitter.com/codingfess/status/1466397234451255297,codingfess,"Teman-teman disini yg daftar program bangkit, ini emang pendaftaran di kampus merdekanya yg MSIB belum dibuka ya? code; terima kasih https://t.co/cnr6RsSp8b",2,0,2,1
176,2021-12-02 12:05:48+00:00,https://twitter.com/kiyotth_cat/status/1466378061893439492,kiyotth_cat,"JANGAN MENUNDA PEKERJAAN LAPORAN LU ANJING SEBANYAK ITU, 2 LAPORAN TUBES, LAPORAN PKL, LAPORAN BUAT MSIB, LAPORAN PROJECT MAGANG KE PIHAK PERUSAHAAN 

@alyssajayneeee yuk bisa yuk  gak usah tidur 2 bulan",2,0,1,0
177,2021-12-02 09:00:00+00:00,https://twitter.com/JapanMerchFess/status/1466331305059053568,JapanMerchFess,"!lapakjpwts want to opslot nendo gojo ready ina, 750k MSIB (DP dulu boleh, tanya tanya dm aja) @/vepnti",1,0,0,0
178,2021-12-02 04:43:39+00:00,https://twitter.com/vepnti/status/1466266791353618432,vepnti,"want to opslot :

‚Äì Nendo gojo 780k, baru ready ina MSIB
‚Äì Nendo kita 780k, baru pelunasan MSIB

(Boleh DP dulu, tanya tanya dm aja)",1,1,0,0
179,2021-12-02 03:00:00+00:00,https://twitter.com/JapanMerchFess/status/1466240705576128518,JapanMerchFess,"!lapakjpwts opslot nendo gojo MSIB 800k (DP dulu oke) baru sampe ina, tanya tanya boleh dm @.vepnti",0,0,0,0
180,2021-12-01 18:39:08+00:00,https://twitter.com/mielidipedas/status/1466114657949683712,mielidipedas,"@tayIism makasih loh hhi, msib belajar kok",0,0,0,0
181,2021-12-01 08:34:58+00:00,https://twitter.com/dicoding/status/1465962614387732482,dicoding,"Sampai jumpa!üëãüèª

#MSIB #KampusMerdeka #MerdekaBelajar #InsanDikti #MerdekakanPeluang",0,0,0,0
182,2021-12-01 07:03:40+00:00,https://twitter.com/Nkosinathi_Msib/status/1465939639907323905,Nkosinathi_Msib,@MrHandsome__ ‚ù£Ô∏è,0,0,0,0
183,2021-12-01 04:15:00+00:00,https://twitter.com/kompasmuda/status/1465897191721996296,kompasmuda,"Pemerintah mengakui, program Magang dan Studi Independen Bersertifikat tahun 2021 masih terdapat beberapa kendala yang terjadi. Kemendikbudristek pun berjanji untuk terus melakukan improvisasi  MSIB di tahun 2022. #AdadiKompas https://t.co/vcT1zU4mRV",0,0,0,0
